{
    "RMSE": [
        0.0354004874825478,
        0.0365915521979332,
        0.0370323471724987,
        0.0373027101159096,
        0.0367244035005569,
        0.0360281728208065,
        0.035382479429245,
        0.0346247404813766,
        0.0337553694844246,
        0.0331101939082146,
        0.0324170961976051,
        0.0318949595093727,
        0.0315329656004906,
        0.0310004893690348,
        0.0307145603001118,
        0.0308420956134796,
        0.0311654005199671,
        0.0316301994025707,
        0.0318641290068626,
        0.0321540981531143,
        0.0321603193879128,
        0.0322959087789059,
        0.0323931239545345,
        0.0325309634208679,
        0.0324964262545109,
        0.0328154675662518,
        0.0331091172993183,
        0.0335310883820057,
        0.0341018177568913,
        0.0344548113644123,
        0.0348273627460003,
        0.0349154099822044,
        0.0352839641273022,
        0.035923145711422,
        0.0360737256705761,
        0.0358760133385658,
        0.0355151519179344,
        0.0351497456431389,
        0.0346141718327999,
        0.0340859778225422,
        0.0336174033582211,
        0.0332415513694286,
        0.033060185611248,
        0.0327347777783871,
        0.0323926582932472,
        0.0319283716380596,
        0.0313067212700844,
        0.0308978538960218,
        0.0306063070893288,
        0.0303296111524105,
        0.0299911331385374,
        0.029734592884779,
        0.0294047296047211,
        0.0292395651340485,
        0.0290076564997435,
        0.0290051251649857,
        0.0288060549646616,
        0.0288569256663322,
        0.0286589115858078,
        0.028437040746212
    ],
    "SSIM": [
        0.858128666877747,
        0.857918500900269,
        0.859249293804169,
        0.864152133464813,
        0.867674648761749,
        0.870828211307526,
        0.87372612953186,
        0.877227067947388,
        0.880900382995605,
        0.883805334568024,
        0.886083483695984,
        0.887593150138855,
        0.888643860816956,
        0.891267418861389,
        0.892563819885254,
        0.892809689044952,
        0.891371726989746,
        0.888080716133118,
        0.883032441139221,
        0.878347218036652,
        0.875905573368073,
        0.874231100082397,
        0.872479140758514,
        0.870435237884521,
        0.870222270488739,
        0.869963824748993,
        0.86925607919693,
        0.868921279907227,
        0.867855191230774,
        0.865912914276123,
        0.86461877822876,
        0.863556087017059,
        0.861885190010071,
        0.859339833259583,
        0.8566934466362,
        0.855350017547607,
        0.85557621717453,
        0.854744434356689,
        0.854589641094208,
        0.854226410388947,
        0.854629158973694,
        0.856034338474274,
        0.856826663017273,
        0.856492161750793,
        0.854926466941833,
        0.854407548904419,
        0.854850769042969,
        0.855767607688904,
        0.855537712574005,
        0.857363343238831,
        0.859039604663849,
        0.858306467533112,
        0.859483420848846,
        0.859354138374329,
        0.859336614608765,
        0.859318375587463,
        0.861006081104279,
        0.861244201660156,
        0.863842904567719,
        0.866186857223511
    ],
    "Temporal error": [
        0.0552496574819088,
        0.0566326975822449,
        0.0577840134501457,
        0.0576365143060684,
        0.0572182647883892,
        0.0569732636213303,
        0.0564281158149242,
        0.0558946803212166,
        0.0565493814647198,
        0.0561143942177296,
        0.0551696382462978,
        0.0551856756210327,
        0.0556049756705761,
        0.0564469285309315,
        0.0574658513069153,
        0.0588523261249065,
        0.0598668716847897,
        0.0613412000238895,
        0.0626232251524925,
        0.0633904039859772,
        0.063960388302803,
        0.0642149448394775,
        0.0641225352883339,
        0.0640070885419846,
        0.0638692528009415,
        0.0636967048048973,
        0.063591904938221,
        0.0637620240449905,
        0.0634941756725311,
        0.0632219091057777,
        0.0630624890327454,
        0.0627524480223656,
        0.0623564533889294,
        0.0621967725455761,
        0.061835166066885,
        0.0619541220366955,
        0.0617533698678017,
        0.0612193867564201,
        0.0603818334639072,
        0.0595281906425953,
        0.0587621740996838,
        0.0583402141928673,
        0.0578548423945904,
        0.0568838492035866,
        0.0563835240900517,
        0.0551664344966412,
        0.053418405354023,
        0.0517121627926826,
        0.0495355911552906,
        0.0474746972322464,
        0.0461056306958199,
        0.0448134951293468,
        0.0435879603028297,
        0.0426556617021561,
        0.0417728610336781,
        0.0409946441650391,
        0.0400844626128674,
        0.0391352660953999,
        0.0379277803003788
    ],
    "VMAF": [
        35.4225006103516,
        49.6049308776855,
        48.1079902648926,
        47.9769401550293,
        46.4475708007812,
        47.2456817626953,
        48.5028991699219,
        49.8264389038086,
        50.2188606262207,
        51.0573883056641,
        52.3492012023926,
        54.1961402893066,
        54.1128082275391,
        55.9681396484375,
        56.997631072998,
        56.7141494750977,
        58.1246795654297,
        59.3955917358398,
        60.5467185974121,
        59.1097412109375,
        60.1939506530762,
        58.4565505981445,
        58.8433418273926,
        60.2370910644531,
        59.7112884521484,
        58.7397499084473,
        60.1795310974121,
        59.1121788024902,
        58.8992500305176,
        57.6130409240723,
        56.1367111206055,
        56.169059753418,
        54.0588111877441,
        53.0067100524902,
        51.5942993164062,
        51.1136512756348,
        50.206298828125,
        50.1881713867188,
        50.7397613525391,
        50.3874092102051,
        50.2268218994141,
        49.4718704223633,
        50.4531784057617,
        50.4381484985352,
        48.6553115844727,
        48.7565116882324,
        48.9689903259277,
        47.827320098877,
        47.5996017456055,
        46.6122283935547,
        44.1226387023926,
        45.3683013916016,
        46.4756698608398,
        45.571418762207,
        45.2255783081055,
        45.819450378418,
        45.0761489868164,
        43.8124809265137,
        43.6028900146484,
        43.461498260498
    ]
}
