{
    "RMSE": [
        0.0187317132949829,
        0.0153967048972845,
        0.0145048554986715,
        0.0142593253403902,
        0.0143863456323743,
        0.0144269429147243,
        0.0143968723714352,
        0.0143751669675112,
        0.0147741967812181,
        0.0151903359219432,
        0.0153940040618181,
        0.0154735129326582,
        0.0156739503145218,
        0.0157334189862013,
        0.0159643460065126,
        0.0178139805793762,
        0.0199984796345234,
        0.0217108987271786,
        0.0252274703234434,
        0.0242733433842659,
        0.0228913091123104,
        0.0231133811175823,
        0.0245891697704792,
        0.0389337092638016,
        0.0392940565943718,
        0.0387100055813789,
        0.0399215258657932,
        0.0422382205724716,
        0.0465265735983849,
        0.0474147014319897,
        0.0480242632329464,
        0.0478151105344296,
        0.0476044304668903,
        0.0480610840022564,
        0.0482887886464596,
        0.0489490479230881,
        0.0490463897585869,
        0.0491662696003914,
        0.0492150187492371,
        0.0493137016892433,
        0.05020771920681,
        0.0502633228898048,
        0.0503681376576424,
        0.0504827983677387,
        0.0506101809442043,
        0.0508448742330074,
        0.0510776340961456,
        0.0513466149568558,
        0.0515126287937164,
        0.0440263189375401,
        0.042312141507864,
        0.0421611852943897,
        0.0418826341629028,
        0.0414321385324001,
        0.0410741828382015,
        0.0409296415746212,
        0.0404752641916275,
        0.0400587171316147,
        0.0392223410308361,
        0.0388950444757938
    ],
    "SSIM": [
        0.906375825405121,
        0.921462059020996,
        0.924901008605957,
        0.925181806087494,
        0.924941062927246,
        0.923418819904327,
        0.923071205615997,
        0.922812759876251,
        0.921867609024048,
        0.919435262680054,
        0.918051302433014,
        0.917405545711517,
        0.916641592979431,
        0.915574133396149,
        0.913731336593628,
        0.908976316452026,
        0.898452758789062,
        0.885796785354614,
        0.872824668884277,
        0.876298725605011,
        0.880752146244049,
        0.879739820957184,
        0.876588940620422,
        0.873087406158447,
        0.868252038955688,
        0.86542147397995,
        0.858727633953094,
        0.853794276714325,
        0.8488689661026,
        0.844246566295624,
        0.84181410074234,
        0.842443943023682,
        0.840755462646484,
        0.837081432342529,
        0.834806978702545,
        0.83315908908844,
        0.830503642559052,
        0.827859997749329,
        0.829674422740936,
        0.834258079528809,
        0.836481928825378,
        0.840238153934479,
        0.843467831611633,
        0.844876527786255,
        0.847043931484222,
        0.847624480724335,
        0.848403453826904,
        0.847886145114899,
        0.849502563476562,
        0.853031933307648,
        0.854651093482971,
        0.856602430343628,
        0.858458459377289,
        0.859862685203552,
        0.86223953962326,
        0.864902496337891,
        0.868070542812347,
        0.870976269245148,
        0.872009754180908,
        0.872153460979462
    ],
    "Temporal error": [
        0.0175395924597979,
        0.0163152739405632,
        0.0164166856557131,
        0.017404280602932,
        0.0186328217387199,
        0.019685160368681,
        0.0206913519650698,
        0.0219112206250429,
        0.0234137289226055,
        0.0253685619682074,
        0.0272140465676785,
        0.0279151331633329,
        0.029107678681612,
        0.0311935357749462,
        0.036254808306694,
        0.0462297387421131,
        0.0546352900564671,
        0.0723913311958313,
        0.0885066017508507,
        0.0897237360477448,
        0.0894275009632111,
        0.0939808934926987,
        0.0996431112289429,
        0.108295805752277,
        0.118831649422646,
        0.130494564771652,
        0.143465504050255,
        0.153215318918228,
        0.155864000320435,
        0.162190496921539,
        0.164158895611763,
        0.164324700832367,
        0.163313835859299,
        0.164115399122238,
        0.16245137155056,
        0.155689433217049,
        0.143651992082596,
        0.134059697389603,
        0.125461846590042,
        0.122407056391239,
        0.117456093430519,
        0.109991133213043,
        0.102678850293159,
        0.0950484499335289,
        0.0872179195284843,
        0.0820793583989143,
        0.0779802650213242,
        0.0742620006203651,
        0.069734588265419,
        0.0645325109362602,
        0.0611211955547333,
        0.0582877062261105,
        0.055510189384222,
        0.0530134923756123,
        0.0507194735109806,
        0.0484560690820217,
        0.0463266745209694,
        0.0439583696424961,
        0.0413470342755318
    ],
    "VMAF": [
        65.4036178588867,
        69.4441223144531,
        69.9430389404297,
        70.5149917602539,
        69.3764114379883,
        67.966796875,
        65.5069274902344,
        68.1496200561523,
        69.4293823242188,
        69.0089416503906,
        69.8388519287109,
        69.9904174804688,
        69.6520080566406,
        70.8824768066406,
        70.7349090576172,
        71.550651550293,
        70.8083572387695,
        68.7117309570312,
        71.581413269043,
        72.0723724365234,
        72.7521362304688,
        72.7855377197266,
        74.1901473999023,
        73.0090103149414,
        71.7471008300781,
        70.6184310913086,
        72.377311706543,
        76.8288803100586,
        77.9087677001953,
        77.7816925048828,
        76.5238571166992,
        76.5765686035156,
        76.1212768554688,
        76.4300537109375,
        75.4560623168945,
        75.2878494262695,
        73.2716979980469,
        71.9555206298828,
        71.9693298339844,
        68.2229232788086,
        67.5110626220703,
        65.7073364257812,
        64.8383331298828,
        61.8314590454102,
        59.4405097961426,
        58.5800514221191,
        57.7939605712891,
        57.309700012207,
        56.1196594238281,
        55.2362518310547,
        53.0529594421387,
        53.0744514465332,
        52.3964614868164,
        53.51708984375,
        53.9963493347168,
        50.9515495300293,
        49.7831993103027,
        49.9957885742188,
        47.9183692932129,
        49.049259185791
    ]
}
