{
    "RMSE": [
        0.0224940329790115,
        0.0217979345470667,
        0.0213519502431154,
        0.0207485780119896,
        0.020347248762846,
        0.0206151939928532,
        0.0207326542586088,
        0.0208501145243645,
        0.0208448395133018,
        0.0209380611777306,
        0.0210175346583128,
        0.021262152120471,
        0.0217957999557257,
        0.0222078543156385,
        0.0232883673161268,
        0.0235938671976328,
        0.0239427704364061,
        0.0245951469987631,
        0.0254136193543673,
        0.0257023684680462,
        0.0259029995650053,
        0.0264197364449501,
        0.0266585163772106,
        0.0267910566180944,
        0.0288033708930016,
        0.0301568489521742,
        0.0313079133629799,
        0.0316784866154194,
        0.0321171320974827,
        0.0326016396284103,
        0.0325959473848343,
        0.0323060043156147,
        0.0324053727090359,
        0.0331592634320259,
        0.0336713530123234,
        0.0339807830750942,
        0.0343617275357246,
        0.0349522866308689,
        0.0357078686356544,
        0.0364028364419937,
        0.0371191129088402,
        0.0379461459815502,
        0.0384121388196945,
        0.0393814817070961,
        0.0399904362857342,
        0.0404727682471275,
        0.0404658764600754,
        0.0407542288303375,
        0.040669996291399,
        0.0396817252039909,
        0.0392560288310051,
        0.0387829914689064,
        0.0385250933468342,
        0.0380909591913223,
        0.0378217622637749,
        0.0376479476690292,
        0.0373199693858624,
        0.0370600670576096,
        0.03677037358284,
        0.0363548472523689
    ],
    "SSIM": [
        0.919252038002014,
        0.922315418720245,
        0.922878324985504,
        0.922781944274902,
        0.923710346221924,
        0.92211240530014,
        0.920316755771637,
        0.918344795703888,
        0.917666554450989,
        0.917040884494781,
        0.917066156864166,
        0.915535926818848,
        0.91410219669342,
        0.912544727325439,
        0.908034682273865,
        0.90389221906662,
        0.900502622127533,
        0.89606761932373,
        0.891064524650574,
        0.890499174594879,
        0.890185058116913,
        0.888351440429688,
        0.889178574085236,
        0.890696942806244,
        0.886369228363037,
        0.88255774974823,
        0.880220413208008,
        0.878187298774719,
        0.876972675323486,
        0.877119183540344,
        0.880119621753693,
        0.882971525192261,
        0.8842813372612,
        0.882293283939362,
        0.879340529441833,
        0.876237094402313,
        0.873132944107056,
        0.872278451919556,
        0.866980075836182,
        0.862587749958038,
        0.860121667385101,
        0.859847605228424,
        0.854445695877075,
        0.854608774185181,
        0.858889579772949,
        0.859844446182251,
        0.86206716299057,
        0.864929378032684,
        0.86912202835083,
        0.870211482048035,
        0.87350195646286,
        0.87591028213501,
        0.87637984752655,
        0.880132019519806,
        0.881615579128265,
        0.884114384651184,
        0.885778963565826,
        0.886801064014435,
        0.889279425144196,
        0.889311850070953
    ],
    "Temporal error": [
        0.0597784668207169,
        0.0547652393579483,
        0.0510459281504154,
        0.0480490736663342,
        0.0454651117324829,
        0.0436202511191368,
        0.0424896627664566,
        0.0416815355420113,
        0.0406892448663712,
        0.039646677672863,
        0.0388294719159603,
        0.0389885231852531,
        0.0413879454135895,
        0.0433493629097939,
        0.0439594015479088,
        0.0446852706372738,
        0.0463450960814953,
        0.0472563095390797,
        0.0481756702065468,
        0.0493294298648834,
        0.050780575722456,
        0.0528463125228882,
        0.0526755042374134,
        0.054438941180706,
        0.0547377988696098,
        0.0537924543023109,
        0.0545333027839661,
        0.0535191185772419,
        0.0550401136279106,
        0.0558961555361748,
        0.0567680448293686,
        0.0582393519580364,
        0.0605951845645905,
        0.0619394220411777,
        0.0641631186008453,
        0.0622493177652359,
        0.0661078840494156,
        0.0692998990416527,
        0.0683740004897118,
        0.0685129016637802,
        0.0688602030277252,
        0.0705584511160851,
        0.0715877115726471,
        0.0738591998815536,
        0.0752517580986023,
        0.0800924450159073,
        0.0785150155425072,
        0.0807088240981102,
        0.0839711055159569,
        0.0790882930159569,
        0.0742692500352859,
        0.0722130388021469,
        0.0711692199110985,
        0.0690755471587181,
        0.0657431036233902,
        0.0655981227755547,
        0.0674387291073799,
        0.0725054442882538,
        0.0720906555652618
    ],
    "VMAF": [
        53.9297714233398,
        67.323356628418,
        66.1867980957031,
        65.7734375,
        65.5225677490234,
        63.7658195495605,
        63.9507904052734,
        62.6644706726074,
        60.7763786315918,
        59.9474792480469,
        59.4972991943359,
        57.6459808349609,
        57.2813987731934,
        56.9978103637695,
        55.3585090637207,
        54.5373916625977,
        52.8151206970215,
        53.3297386169434,
        53.9975509643555,
        52.9762802124023,
        51.7453994750977,
        52.8799705505371,
        55.1374893188477,
        54.5444412231445,
        53.6199798583984,
        53.8928413391113,
        54.9037017822266,
        53.6168518066406,
        54.5997695922852,
        53.3878517150879,
        52.7354202270508,
        52.9754219055176,
        51.7291984558105,
        52.6936492919922,
        47.6504211425781,
        46.304988861084,
        47.8830909729004,
        48.2591896057129,
        50.3155899047852,
        48.8635482788086,
        50.498851776123,
        49.5816993713379,
        52.8461990356445,
        50.7253303527832,
        50.0521392822266,
        44.865909576416,
        46.8452606201172,
        49.1938285827637,
        52.5358390808105,
        53.0424003601074,
        52.1812515258789,
        52.3705291748047,
        52.4341583251953,
        49.7751502990723,
        50.1646690368652,
        45.6205406188965,
        44.5665893554688,
        44.8431587219238,
        49.1652793884277,
        49.2437705993652
    ]
}
