{
    "RMSE": [
        0.0,
        0.0,
        0.0,
        0.0,
        0.0,
        0.0,
        0.0,
        0.0,
        0.0,
        0.0,
        0.0,
        0.0,
        0.0,
        0.0,
        0.0,
        0.0,
        0.0,
        0.0,
        0.0,
        0.0,
        0.0,
        0.0,
        0.0,
        0.0,
        0.0,
        0.0,
        0.0,
        0.0,
        0.0,
        0.0,
        0.0,
        0.0,
        0.0,
        0.0,
        0.0,
        0.0,
        0.0,
        0.0,
        0.0,
        0.0,
        0.0,
        0.0,
        0.0,
        0.0,
        0.0,
        0.0,
        0.0,
        0.0,
        0.0,
        0.0,
        0.0,
        0.0,
        0.0,
        0.0,
        0.0,
        0.0,
        0.0,
        0.0,
        0.0,
        0.0,
        0.0
    ],
    "SSIM": [
        1.0,
        1.0,
        1.0,
        1.0,
        1.0,
        1.0,
        1.0,
        1.0,
        1.0,
        1.0,
        1.0,
        1.0,
        1.0,
        1.0,
        1.0,
        1.0,
        1.0,
        1.0,
        1.0,
        1.0,
        1.0,
        1.0,
        1.0,
        1.0,
        1.0,
        1.0,
        1.0,
        1.0,
        1.0,
        1.0,
        1.0,
        1.0,
        1.0,
        1.0,
        1.0,
        1.0,
        1.0,
        1.0,
        1.0,
        1.0,
        1.0,
        1.0,
        1.0,
        1.0,
        1.0,
        1.0,
        1.0,
        1.0,
        1.0,
        1.0,
        1.0,
        1.0,
        1.0,
        1.0,
        1.0,
        1.0,
        1.0,
        1.0,
        1.0,
        1.0,
        1.0
    ],
    "Temporal error": [
        0.00520077114924788,
        0.00520106637850404,
        0.00519050471484661,
        0.00519142486155033,
        0.00519914692267776,
        0.00519205816090107,
        0.00519371079280972,
        0.00519618950784206,
        0.00519275991246104,
        0.00519026955589652,
        0.00519361719489098,
        0.00518762692809105,
        0.00518505135551095,
        0.00519264163449407,
        0.00519581884145737,
        0.00519213080406189,
        0.00519829336553812,
        0.00519796693697572,
        0.00518831936642528,
        0.0051887659355998,
        0.00518828677013516,
        0.00519722513854504,
        0.00520037719979882,
        0.00519684283062816,
        0.0051982244476676,
        0.00520025845617056,
        0.00519979419186711,
        0.00519806612282991,
        0.005196045152843,
        0.00520432740449905,
        0.00519235990941525,
        0.00519557297229767,
        0.00519052240997553,
        0.00519743375480175,
        0.00519714923575521,
        0.00519501231610775,
        0.00519070634618402,
        0.00519731687381864,
        0.00519604980945587,
        0.00520102772861719,
        0.00519744958728552,
        0.00519300578162074,
        0.00520370109006763,
        0.00519628543406725,
        0.00519321393221617,
        0.00519018853083253,
        0.00520210992544889,
        0.00520239770412445,
        0.00520141515880823,
        0.00519192544743419,
        0.00519423419609666,
        0.00519303604960442,
        0.00519970245659351,
        0.00519620953127742,
        0.00519288796931505,
        0.00518919108435512,
        0.00517863687127829,
        0.00519333314150572,
        0.00519778579473495,
        0.00519111147150397
    ],
    "VMAF": [
        97.4277725219727,
        97.9672088623047,
        97.9679718017578,
        97.9668884277344,
        97.9668884277344,
        97.9676513671875,
        97.9655685424805,
        97.9656066894531,
        97.9662017822266,
        97.9662322998047,
        97.9679565429688,
        97.966552734375,
        97.9665832519531,
        97.9678115844727,
        97.9685897827148,
        97.9657211303711,
        97.9657135009766,
        97.9665222167969,
        97.9664077758789,
        97.9663925170898,
        97.9683532714844,
        97.96923828125,
        97.9677734375,
        97.9663162231445,
        97.9663467407227,
        97.9676284790039,
        97.9676666259766,
        97.9661865234375,
        97.9661865234375,
        97.9674301147461,
        97.9675979614258,
        97.9673767089844,
        97.9673690795898,
        97.9676666259766,
        97.9673233032227,
        97.9665985107422,
        97.9666213989258,
        97.9686508178711,
        97.9674224853516,
        97.9674301147461,
        97.9671096801758,
        97.9658432006836,
        97.9658126831055,
        97.9666595458984,
        97.9658432006836,
        97.9658584594727,
        97.9672622680664,
        97.9670791625977,
        97.9670791625977,
        97.9651794433594,
        97.9652099609375,
        97.9653625488281,
        97.9670104980469,
        97.9679489135742,
        97.967399597168,
        97.9674377441406,
        97.9667587280273,
        97.9667663574219,
        97.9674530029297,
        97.9665985107422,
        97.9665985107422
    ]
}
