{
    "RMSE": [
        0.0202105417847633,
        0.0191456880420446,
        0.0185024086385965,
        0.0182137358933687,
        0.0178722199052572,
        0.0185568388551474,
        0.0189311914145947,
        0.0190940424799919,
        0.0189955867826939,
        0.0188870336860418,
        0.0187123958021402,
        0.0189849138259888,
        0.0192983206361532,
        0.0194962546229362,
        0.0201593153178692,
        0.0203189812600613,
        0.0207818616181612,
        0.0217722076922655,
        0.0228065382689238,
        0.0230924803763628,
        0.0233695581555367,
        0.0239791292697191,
        0.0241221319884062,
        0.0241686161607504,
        0.0259221643209457,
        0.0276187863200903,
        0.0291733238846064,
        0.0298567060381174,
        0.0304734520614147,
        0.0308752171695232,
        0.0311546679586172,
        0.0307299010455608,
        0.0305095408111811,
        0.0308425482362509,
        0.0312546715140343,
        0.0315960347652435,
        0.0320738926529884,
        0.0328238196671009,
        0.0336796008050442,
        0.0346755385398865,
        0.0355071760714054,
        0.03660773858428,
        0.0372027903795242,
        0.0375000387430191,
        0.0376948826014996,
        0.0385711193084717,
        0.037932712584734,
        0.0378617681562901,
        0.0375526882708073,
        0.0371909588575363,
        0.0368029773235321,
        0.0364503301680088,
        0.0362147390842438,
        0.0359815806150436,
        0.0357773005962372,
        0.0355300679802895,
        0.0350865013897419,
        0.0347734801471233,
        0.0346558131277561,
        0.0343100689351559
    ],
    "SSIM": [
        0.906709313392639,
        0.921713590621948,
        0.925465106964111,
        0.926404774188995,
        0.927261471748352,
        0.923895239830017,
        0.920779645442963,
        0.918101489543915,
        0.917430460453033,
        0.918134331703186,
        0.91855126619339,
        0.916877567768097,
        0.915687501430511,
        0.914600014686584,
        0.910537362098694,
        0.907445728778839,
        0.904035985469818,
        0.896862506866455,
        0.890949308872223,
        0.889650464057922,
        0.889049172401428,
        0.888148009777069,
        0.889512240886688,
        0.890608072280884,
        0.886017799377441,
        0.881150424480438,
        0.877738356590271,
        0.874192416667938,
        0.872592210769653,
        0.872717022895813,
        0.874694049358368,
        0.878287971019745,
        0.880963683128357,
        0.88011360168457,
        0.877425968647003,
        0.873573303222656,
        0.870646059513092,
        0.869752109050751,
        0.86543744802475,
        0.860696613788605,
        0.858387529850006,
        0.858262717723846,
        0.853037774562836,
        0.855415403842926,
        0.861773252487183,
        0.861258506774902,
        0.86549586057663,
        0.866330742835999,
        0.870271921157837,
        0.875106990337372,
        0.877854108810425,
        0.880646288394928,
        0.879922807216644,
        0.881880879402161,
        0.883551001548767,
        0.888296961784363,
        0.891816794872284,
        0.891795635223389,
        0.891945838928223,
        0.892574906349182
    ],
    "Temporal error": [
        0.0614158250391483,
        0.0558872185647488,
        0.0518891215324402,
        0.0487031564116478,
        0.0462595075368881,
        0.0443104431033134,
        0.0432189851999283,
        0.0422090366482735,
        0.0411981046199799,
        0.0401729494333267,
        0.0392448864877224,
        0.0391623415052891,
        0.0412614271044731,
        0.043214026838541,
        0.0438288897275925,
        0.0445346608757973,
        0.0461623519659042,
        0.0471597462892532,
        0.0479675829410553,
        0.0490741990506649,
        0.0506790429353714,
        0.0528238154947758,
        0.0527330227196217,
        0.0545631051063538,
        0.0548715814948082,
        0.0538352727890015,
        0.0544034950435162,
        0.0531703531742096,
        0.0543706826865673,
        0.0551074035465717,
        0.0558648966252804,
        0.057422362267971,
        0.0598240569233894,
        0.0614996589720249,
        0.0640248581767082,
        0.0621181540191174,
        0.0658985525369644,
        0.0689970329403877,
        0.0678036063909531,
        0.0678132846951485,
        0.0679550021886826,
        0.0694945454597473,
        0.070317417383194,
        0.0725272446870804,
        0.0741718485951424,
        0.0792073458433151,
        0.0774218216538429,
        0.0801655575633049,
        0.0833247825503349,
        0.0783549398183823,
        0.073585145175457,
        0.0717750042676926,
        0.0708078145980835,
        0.06878262758255,
        0.0655019879341125,
        0.0652780681848526,
        0.0670121163129807,
        0.072116382420063,
        0.0715980529785156
    ],
    "VMAF": [
        63.0670509338379,
        71.7598114013672,
        70.1908416748047,
        69.6389617919922,
        69.158203125,
        68.919059753418,
        68.2342834472656,
        66.7211303710938,
        66.2693405151367,
        65.3360824584961,
        65.1535110473633,
        64.0354690551758,
        63.9068489074707,
        63.0010681152344,
        62.3434295654297,
        62.4715003967285,
        63.1038398742676,
        63.5316314697266,
        62.3088912963867,
        61.1479606628418,
        60.043701171875,
        59.2449188232422,
        61.2111587524414,
        61.2045097351074,
        59.4763412475586,
        59.3771209716797,
        59.3182601928711,
        58.3130111694336,
        58.8165588378906,
        57.644889831543,
        56.8228797912598,
        57.5337295532227,
        56.8309898376465,
        57.0252304077148,
        53.5046882629395,
        52.5214996337891,
        53.9425010681152,
        54.8351516723633,
        55.684268951416,
        54.2193908691406,
        55.9048309326172,
        53.7593612670898,
        56.958568572998,
        55.349609375,
        56.310791015625,
        51.2556304931641,
        52.6275291442871,
        54.7231101989746,
        58.9600410461426,
        58.5490798950195,
        56.7799110412598,
        56.6891899108887,
        56.4700012207031,
        55.6361618041992,
        54.5561904907227,
        51.1686096191406,
        50.6420783996582,
        50.2602005004883,
        54.9117813110352,
        55.9334716796875
    ]
}
