{
    "RMSE": [
        0.299376428127289,
        0.29899275302887,
        0.294610410928726,
        0.288959532976151,
        0.286619663238525,
        0.286530196666718,
        0.285630136728287,
        0.282192349433899,
        0.281794458627701,
        0.283168464899063,
        0.282432496547699,
        0.281563460826874,
        0.279152780771255,
        0.273196309804916,
        0.266876101493835,
        0.260154992341995,
        0.255984336137772,
        0.25314137339592,
        0.250530153512955,
        0.247731819748878,
        0.246992915868759,
        0.245004951953888,
        0.240330100059509,
        0.236278176307678,
        0.233183696866035,
        0.232151582837105,
        0.229453206062317,
        0.225258246064186,
        0.224388763308525,
        0.227250069379807,
        0.230743765830994,
        0.235153272747993,
        0.237910509109497,
        0.235149726271629,
        0.233353346586227,
        0.241301015019417,
        0.248333036899567,
        0.253241330385208,
        0.253399103879929,
        0.254764348268509,
        0.26214787364006,
        0.265257775783539,
        0.264592915773392,
        0.267258673906326,
        0.268795222043991,
        0.266768246889114,
        0.275862842798233,
        0.282881259918213,
        0.284713119268417,
        0.285934120416641,
        0.28640216588974,
        0.284811854362488,
        0.284079223871231,
        0.284634739160538,
        0.287508547306061,
        0.287555932998657,
        0.291847676038742,
        0.289885371923447,
        0.291002005338669,
        0.294342458248138,
        0.296788960695267
    ],
    "SSIM": [
        -0.119622491300106,
        -0.107139118015766,
        -0.0628497526049614,
        -0.0110390447080135,
        0.0157820098102093,
        0.0258518420159817,
        0.0420382544398308,
        0.0750655308365822,
        0.0865330547094345,
        0.0851670801639557,
        0.0989685356616974,
        0.111014485359192,
        0.128351807594299,
        0.158244058489799,
        0.188328787684441,
        0.221220076084137,
        0.240400940179825,
        0.26006618142128,
        0.278088450431824,
        0.292058169841766,
        0.293548494577408,
        0.303204655647278,
        0.328785806894302,
        0.349752157926559,
        0.365326702594757,
        0.372524559497833,
        0.390335559844971,
        0.416089057922363,
        0.422200500965118,
        0.403407752513885,
        0.381627857685089,
        0.357873767614365,
        0.34170851111412,
        0.355545699596405,
        0.369184702634811,
        0.337690234184265,
        0.316014140844345,
        0.295034408569336,
        0.288471400737762,
        0.270932257175446,
        0.217193454504013,
        0.194764822721481,
        0.192003279924393,
        0.173766568303108,
        0.169719636440277,
        0.197887569665909,
        0.164711281657219,
        0.148205935955048,
        0.141268327832222,
        0.117661587893963,
        0.094954214990139,
        0.0865205228328705,
        0.0803992301225662,
        0.062965415418148,
        0.0350115932524204,
        0.0297047793865204,
        0.00837812758982182,
        0.0386495254933834,
        0.0334975607693195,
        0.00570421852171421,
        -0.0210401210933924
    ],
    "Temporal error": [
        0.0182048100978136,
        0.0160765964537859,
        0.014612833969295,
        0.0130177782848477,
        0.0117938611656427,
        0.0107874879613519,
        0.0102058071643114,
        0.010187117382884,
        0.0100140599533916,
        0.00963693764060736,
        0.00929450336843729,
        0.00953344162553549,
        0.0107105597853661,
        0.0115664293989539,
        0.0116048529744148,
        0.0118360472843051,
        0.0128649761900306,
        0.0129073057323694,
        0.0132337231189013,
        0.0142874317243695,
        0.0149386310949922,
        0.0160384587943554,
        0.0159884598106146,
        0.0167244244366884,
        0.0164173133671284,
        0.0159298777580261,
        0.0156994890421629,
        0.0152942463755608,
        0.0165949258953333,
        0.0173302199691534,
        0.0174252651631832,
        0.018184682354331,
        0.0194858331233263,
        0.0199826247990131,
        0.0207124371081591,
        0.0201549492776394,
        0.0220002327114344,
        0.0232916902750731,
        0.0238438695669174,
        0.0245359148830175,
        0.0239427518099546,
        0.0241216998547316,
        0.0253383629024029,
        0.0271428823471069,
        0.0277785453945398,
        0.0297969300299883,
        0.0287167076021433,
        0.0299282260239124,
        0.0323955677449703,
        0.0307626985013485,
        0.0291821621358395,
        0.0280738286674023,
        0.0271490886807442,
        0.0253291223198175,
        0.0232360027730465,
        0.0227281507104635,
        0.0230927206575871,
        0.0238683316856623,
        0.0223532970994711,
        0.0213937349617481
    ]
}
