{
    "RMSE": [
        0.0180180929601192,
        0.0169526319950819,
        0.0169239211827517,
        0.0170743465423584,
        0.0172508023679256,
        0.017266508191824,
        0.0173072516918182,
        0.017449239268899,
        0.0176924243569374,
        0.0182015560567379,
        0.018770907074213,
        0.0188438724726439,
        0.0189166851341724,
        0.0191064830869436,
        0.0194421838968992,
        0.0229963548481464,
        0.0270034596323967,
        0.0299249123781919,
        0.0352982096374035,
        0.036224540323019,
        0.0360853523015976,
        0.0366995930671692,
        0.0379073433578014,
        0.0496401786804199,
        0.0507198832929134,
        0.0512010753154755,
        0.0540854744613171,
        0.0579355843365192,
        0.0608509965240955,
        0.0634587034583092,
        0.0640733316540718,
        0.0644515082240105,
        0.0644758194684982,
        0.0642709657549858,
        0.0644957199692726,
        0.0650921761989594,
        0.0648102536797523,
        0.0644195154309273,
        0.0636000260710716,
        0.0629702359437943,
        0.0637905225157738,
        0.0638158023357391,
        0.0634058341383934,
        0.0627313479781151,
        0.0626652836799622,
        0.0627264529466629,
        0.0629010275006294,
        0.0628574565052986,
        0.0630015879869461,
        0.0565907880663872,
        0.054755438119173,
        0.0544233433902264,
        0.0539422743022442,
        0.0533177405595779,
        0.0526440888643265,
        0.0523925237357616,
        0.0518616400659084,
        0.0511942058801651,
        0.0502067431807518,
        0.0499188378453255
    ],
    "SSIM": [
        0.923204004764557,
        0.924155533313751,
        0.923441112041473,
        0.920400142669678,
        0.920182824134827,
        0.919517040252686,
        0.919125258922577,
        0.918021023273468,
        0.916455745697021,
        0.913366138935089,
        0.910108149051666,
        0.908378839492798,
        0.907096207141876,
        0.905222356319427,
        0.901853501796722,
        0.894967913627625,
        0.879634380340576,
        0.862664878368378,
        0.842632472515106,
        0.843070030212402,
        0.845843017101288,
        0.84269654750824,
        0.836947500705719,
        0.824684262275696,
        0.814548432826996,
        0.812325119972229,
        0.807050704956055,
        0.796248495578766,
        0.791235506534576,
        0.783028602600098,
        0.782196819782257,
        0.783876240253448,
        0.78179407119751,
        0.779998600482941,
        0.778584659099579,
        0.776519060134888,
        0.777119815349579,
        0.778734147548676,
        0.785150647163391,
        0.791361749172211,
        0.793663680553436,
        0.798074245452881,
        0.802722930908203,
        0.807385206222534,
        0.809961557388306,
        0.810505151748657,
        0.810872793197632,
        0.811433553695679,
        0.812574863433838,
        0.817019402980804,
        0.819813132286072,
        0.823746800422668,
        0.826823174953461,
        0.830659866333008,
        0.834517300128937,
        0.838147938251495,
        0.841730117797852,
        0.845459461212158,
        0.847474753856659,
        0.848750531673431
    ],
    "Temporal error": [
        0.0136718545109034,
        0.0129711460322142,
        0.0137823726981878,
        0.0152006130665541,
        0.0164976548403502,
        0.0175197217613459,
        0.0187057238072157,
        0.0201636385172606,
        0.0219319351017475,
        0.024100361391902,
        0.0260120779275894,
        0.0268318820744753,
        0.0281826257705688,
        0.0302736833691597,
        0.0352660156786442,
        0.0450089760124683,
        0.0535729601979256,
        0.0707374289631844,
        0.0862929448485374,
        0.0872510522603989,
        0.0873523578047752,
        0.0925223901867867,
        0.0984979793429375,
        0.106949090957642,
        0.116771213710308,
        0.128338485956192,
        0.140892550349236,
        0.149665489792824,
        0.151433154940605,
        0.157826721668243,
        0.159819319844246,
        0.160881891846657,
        0.159956872463226,
        0.160320416092873,
        0.158523216843605,
        0.152395099401474,
        0.14053875207901,
        0.131110414862633,
        0.122846454381943,
        0.120125651359558,
        0.115237981081009,
        0.107917867600918,
        0.100889824330807,
        0.0933357328176498,
        0.0854198187589645,
        0.0801988765597343,
        0.0762123763561249,
        0.0721203461289406,
        0.0677340477705002,
        0.0626972243189812,
        0.0592239126563072,
        0.0564097017049789,
        0.0538119450211525,
        0.0515800379216671,
        0.0494056418538094,
        0.0472897477447987,
        0.0453559271991253,
        0.0430284217000008,
        0.0404475368559361
    ],
    "VMAF": [
        51.940731048584,
        61.2519683837891,
        61.2788009643555,
        61.1866683959961,
        58.5200119018555,
        56.6914215087891,
        54.5368690490723,
        56.5925903320312,
        55.2741394042969,
        58.0318984985352,
        56.3043785095215,
        55.4253005981445,
        55.5378799438477,
        55.1318588256836,
        49.8914489746094,
        50.3528709411621,
        46.1930999755859,
        37.7660293579102,
        52.940731048584,
        48.7234382629395,
        50.8833808898926,
        52.4359283447266,
        53.444938659668,
        58.0804901123047,
        56.186279296875,
        57.3951416015625,
        55.8376197814941,
        60.33837890625,
        62.6611213684082,
        66.2626800537109,
        63.3338317871094,
        64.5896606445312,
        65.5297012329102,
        66.8883438110352,
        64.9470367431641,
        66.2313766479492,
        64.2030868530273,
        62.210018157959,
        63.0787315368652,
        60.3659210205078,
        59.6873397827148,
        56.965030670166,
        57.026538848877,
        53.8888282775879,
        50.7936401367188,
        50.8662109375,
        51.4151916503906,
        50.9308090209961,
        49.7966194152832,
        48.4435997009277,
        47.016471862793,
        46.1506996154785,
        43.9831695556641,
        44.7205505371094,
        46.4842910766602,
        45.3921585083008,
        41.6523704528809,
        42.3002891540527,
        40.3395690917969,
        42.8805885314941
    ]
}
