{
    "RMSE": [
        0.0720188990235329,
        0.0763874128460884,
        0.0811614990234375,
        0.091902457177639,
        0.0942187681794167,
        0.0958477854728699,
        0.0972132608294487,
        0.0985030457377434,
        0.0993067473173141,
        0.100269548594952,
        0.100928425788879,
        0.101481638848782,
        0.102278038859367,
        0.102809973061085,
        0.103180810809135,
        0.103558748960495,
        0.103928938508034,
        0.10412759333849,
        0.104521095752716,
        0.104909382760525,
        0.105163343250751,
        0.105196543037891,
        0.105251498520374,
        0.105307064950466,
        0.105562083423138,
        0.105492994189262,
        0.105499409139156,
        0.10572425276041,
        0.105674408376217,
        0.105561017990112,
        0.10551455616951,
        0.105539046227932,
        0.105513580143452,
        0.10537451505661,
        0.105317704379559,
        0.105410702526569,
        0.105288855731487,
        0.105244316160679,
        0.105224974453449,
        0.105263963341713,
        0.105179950594902,
        0.10510191321373,
        0.105081379413605,
        0.105072617530823,
        0.105095542967319,
        0.105268269777298,
        0.105353511869907,
        0.105450071394444,
        0.105334721505642,
        0.105321779847145,
        0.105234205722809,
        0.105182006955147,
        0.105020605027676,
        0.105009667575359,
        0.105009101331234,
        0.105058744549751,
        0.105235010385513,
        0.105107553303242,
        0.104967221617699,
        0.105005271732807
    ],
    "SSIM": [
        0.690409779548645,
        0.718095779418945,
        0.727183222770691,
        0.64196115732193,
        0.651003181934357,
        0.659631252288818,
        0.667559146881104,
        0.673198044300079,
        0.678245306015015,
        0.681872546672821,
        0.684936344623566,
        0.686598777770996,
        0.687699198722839,
        0.689172744750977,
        0.68965095281601,
        0.689818203449249,
        0.690285086631775,
        0.690555989742279,
        0.690340936183929,
        0.690527260303497,
        0.690428197383881,
        0.691280007362366,
        0.691114842891693,
        0.691386222839355,
        0.691830098628998,
        0.691761493682861,
        0.691553890705109,
        0.69152694940567,
        0.691336631774902,
        0.691288888454437,
        0.691922962665558,
        0.692392647266388,
        0.692130327224731,
        0.691885054111481,
        0.692451417446136,
        0.692319810390472,
        0.692695617675781,
        0.692968368530273,
        0.69245433807373,
        0.692282617092133,
        0.692217290401459,
        0.692428231239319,
        0.692566275596619,
        0.692500829696655,
        0.692317068576813,
        0.691618144512177,
        0.691880345344543,
        0.691951096057892,
        0.69208550453186,
        0.692034006118774,
        0.692234992980957,
        0.69216787815094,
        0.692977845668793,
        0.692927360534668,
        0.692505776882172,
        0.692404091358185,
        0.692068874835968,
        0.691875994205475,
        0.69205629825592,
        0.691768884658813
    ],
    "Temporal error": [
        0.0198571942746639,
        0.0100252367556095,
        0.0162129085510969,
        0.00911299511790276,
        0.00678459322080016,
        0.00596830155700445,
        0.00582160428166389,
        0.0056446804665029,
        0.00562651688233018,
        0.00553748710080981,
        0.00549745140597224,
        0.00550048192963004,
        0.00545386271551251,
        0.00543749378994107,
        0.00543305091559887,
        0.00546221202239394,
        0.00546473823487759,
        0.00544633297249675,
        0.00547870853915811,
        0.00542497029528022,
        0.00539981387555599,
        0.00544917257502675,
        0.00542980339378119,
        0.00546238059177995,
        0.00542823225259781,
        0.00545036839321256,
        0.0054454761557281,
        0.00542511139065027,
        0.00540202204138041,
        0.00543014332652092,
        0.00542788300663233,
        0.00546241831034422,
        0.00543132796883583,
        0.00543562322854996,
        0.00542322127148509,
        0.00540519040077925,
        0.00538999913260341,
        0.00544208707287908,
        0.00543432869017124,
        0.0054408498108387,
        0.00540228886529803,
        0.0054169287905097,
        0.00540859531611204,
        0.00543435104191303,
        0.00548463594168425,
        0.00542972423136234,
        0.0054166535846889,
        0.00541564635932446,
        0.00543832685798407,
        0.00538824871182442,
        0.0054398700594902,
        0.00542181450873613,
        0.00537641858682036,
        0.00540971849113703,
        0.0054235802963376,
        0.00542419264093041,
        0.00542381359264255,
        0.0054455827921629,
        0.00540134264156222
    ],
    "VMAF": [
        16.8285598754883,
        19.609790802002,
        21.0619106292725,
        24.5005893707275,
        25.5444202423096,
        25.8193302154541,
        25.8354797363281,
        26.2112998962402,
        26.0597305297852,
        26.2481899261475,
        26.2329502105713,
        26.4378795623779,
        26.4021396636963,
        26.3248195648193,
        26.240270614624,
        26.1200103759766,
        26.079740524292,
        26.1204109191895,
        26.1188507080078,
        26.1809997558594,
        26.139799118042,
        26.2794990539551,
        26.291389465332,
        26.198070526123,
        26.1903095245361,
        26.2703800201416,
        25.8758201599121,
        25.8489799499512,
        26.3131408691406,
        26.5039291381836,
        26.3232803344727,
        26.4867095947266,
        26.4889106750488,
        26.4182605743408,
        26.4380702972412,
        26.5235996246338,
        26.6960601806641,
        26.7596607208252,
        26.6510391235352,
        26.7488403320312,
        26.5053100585938,
        26.6711502075195,
        26.6563205718994,
        26.3549709320068,
        26.4385509490967,
        26.5624294281006,
        26.5676002502441,
        26.6940498352051,
        26.5202407836914,
        26.7567005157471,
        26.4331398010254,
        26.6152591705322,
        26.2869300842285,
        26.4285907745361,
        26.0824699401855,
        26.323450088501,
        26.1961307525635,
        26.1333808898926,
        26.062629699707,
        25.9342403411865
    ]
}
