{
    "RMSE": [
        0.0355931222438812,
        0.036492045968771,
        0.0376282073557377,
        0.0386656299233437,
        0.0384306497871876,
        0.0377512499690056,
        0.0370639786124229,
        0.0364370532333851,
        0.0357271768152714,
        0.0352694280445576,
        0.0348882116377354,
        0.0345803499221802,
        0.0343728177249432,
        0.0339264906942844,
        0.0336402431130409,
        0.0338081121444702,
        0.0342727415263653,
        0.034819271415472,
        0.0352906174957752,
        0.0356446132063866,
        0.0358945950865746,
        0.0361971147358418,
        0.0367050319910049,
        0.0369761772453785,
        0.0370839536190033,
        0.0372439324855804,
        0.0377652496099472,
        0.0383003540337086,
        0.0387195087969303,
        0.0391857512295246,
        0.0395189076662064,
        0.0394683554768562,
        0.0397669225931168,
        0.0403532534837723,
        0.040742676705122,
        0.0405345559120178,
        0.0402169711887836,
        0.0398588180541992,
        0.0394660234451294,
        0.03902443125844,
        0.0384300649166107,
        0.0379932969808578,
        0.0376397743821144,
        0.037529781460762,
        0.0372836701571941,
        0.036768727004528,
        0.0362739339470863,
        0.0357155241072178,
        0.035369511693716,
        0.0351515114307404,
        0.0346615016460419,
        0.0343436263501644,
        0.0341538116335869,
        0.0340139456093311,
        0.0336974002420902,
        0.0334209389984608,
        0.033285416662693,
        0.0331796333193779,
        0.0327177830040455,
        0.0322546437382698
    ],
    "SSIM": [
        0.853919804096222,
        0.856861352920532,
        0.854701101779938,
        0.85258960723877,
        0.853531777858734,
        0.855319976806641,
        0.857672333717346,
        0.860123336315155,
        0.862427294254303,
        0.863893866539001,
        0.864286839962006,
        0.864115655422211,
        0.86419266462326,
        0.866082906723022,
        0.866472244262695,
        0.866186082363129,
        0.863344609737396,
        0.859446942806244,
        0.853598713874817,
        0.84883850812912,
        0.845175862312317,
        0.841778218746185,
        0.837264835834503,
        0.834016621112823,
        0.831796407699585,
        0.830873131752014,
        0.829082489013672,
        0.829022347927094,
        0.82826441526413,
        0.825976848602295,
        0.823889851570129,
        0.823178291320801,
        0.821313679218292,
        0.818354904651642,
        0.815225064754486,
        0.814316749572754,
        0.813711941242218,
        0.812984645366669,
        0.811962485313416,
        0.811200022697449,
        0.812012434005737,
        0.814051628112793,
        0.814763069152832,
        0.813942193984985,
        0.811643004417419,
        0.81098085641861,
        0.809789001941681,
        0.812304735183716,
        0.811690628528595,
        0.812530755996704,
        0.815505027770996,
        0.81624960899353,
        0.817820072174072,
        0.817238211631775,
        0.817162990570068,
        0.818751811981201,
        0.820707261562347,
        0.82313996553421,
        0.825599431991577,
        0.830509960651398
    ],
    "Temporal error": [
        0.0563693381845951,
        0.0550957694649696,
        0.0546927005052567,
        0.0536840632557869,
        0.0526138544082642,
        0.0519538521766663,
        0.0510926842689514,
        0.050262812525034,
        0.0506980381906033,
        0.0500811003148556,
        0.0487417690455914,
        0.0485646314918995,
        0.0489079616963863,
        0.0496992170810699,
        0.050755862146616,
        0.0521256327629089,
        0.0531870387494564,
        0.0547052845358849,
        0.0559575706720352,
        0.0567132793366909,
        0.0571875423192978,
        0.0572473146021366,
        0.0569851584732533,
        0.0567032210528851,
        0.0566200986504555,
        0.0565831698477268,
        0.0567043349146843,
        0.057048887014389,
        0.0570643283426762,
        0.0569292306900024,
        0.0568242818117142,
        0.056565273553133,
        0.0562580302357674,
        0.0562204644083977,
        0.0560805201530457,
        0.0562241189181805,
        0.0561128333210945,
        0.0556150563061237,
        0.0547719411551952,
        0.053942546248436,
        0.0531940795481205,
        0.0527271814644337,
        0.0522009991109371,
        0.0512434840202332,
        0.0507125779986382,
        0.0494030900299549,
        0.0476872324943542,
        0.0460153110325336,
        0.0440034382045269,
        0.0420061498880386,
        0.040561493486166,
        0.0391981638967991,
        0.0381095446646214,
        0.0372215509414673,
        0.0363079681992531,
        0.0355302691459656,
        0.034678902477026,
        0.0336349830031395,
        0.0324519537389278
    ],
    "VMAF": [
        39.7890205383301,
        49.9556083679199,
        44.362979888916,
        42.2693099975586,
        38.9118194580078,
        39.5191497802734,
        39.7317581176758,
        41.4128799438477,
        41.7832298278809,
        42.0986518859863,
        43.6181907653809,
        44.8853187561035,
        43.6827011108398,
        44.4419898986816,
        46.2607383728027,
        45.4404182434082,
        45.749870300293,
        47.4944915771484,
        47.5423393249512,
        46.5362281799316,
        47.7135314941406,
        44.4203681945801,
        44.4649200439453,
        44.9501304626465,
        43.9872398376465,
        41.6018409729004,
        43.096809387207,
        40.7355308532715,
        41.8702087402344,
        40.138500213623,
        39.280590057373,
        39.1623306274414,
        37.7322387695312,
        36.7338790893555,
        36.2636108398438,
        35.0860404968262,
        32.6941299438477,
        33.5953483581543,
        34.1110916137695,
        32.7662811279297,
        31.5848598480225,
        30.6208801269531,
        32.1033515930176,
        31.5669193267822,
        28.507230758667,
        28.1830196380615,
        28.3069496154785,
        25.9743595123291,
        25.6466503143311,
        24.7949199676514,
        22.8307991027832,
        23.6375293731689,
        23.0360908508301,
        23.5891895294189,
        21.6366100311279,
        22.5619602203369,
        22.2394599914551,
        22.1878509521484,
        21.9923706054688,
        21.1303291320801
    ]
}
