{
    "RMSE": [
        0.143027767539024,
        0.140342175960541,
        0.140467375516891,
        0.140620693564415,
        0.140842601656914,
        0.141043305397034,
        0.141213193535805,
        0.141295179724693,
        0.141363322734833,
        0.141418293118477,
        0.141391038894653,
        0.141301020979881,
        0.14133994281292,
        0.141366139054298,
        0.141385599970818,
        0.141408622264862,
        0.141454592347145,
        0.141475573182106,
        0.141474351286888,
        0.141462907195091,
        0.141421183943748,
        0.141424581408501,
        0.141488671302795,
        0.14149235188961,
        0.141609773039818,
        0.141724184155464,
        0.141857340931892,
        0.141949862241745,
        0.142017215490341,
        0.142071232199669,
        0.142211049795151,
        0.142327338457108,
        0.142411753535271,
        0.14249861240387,
        0.142529562115669,
        0.142580449581146,
        0.142551630735397,
        0.14254142343998,
        0.142546594142914,
        0.142462342977524,
        0.14244444668293,
        0.142394453287125,
        0.14243346452713,
        0.142417088150978,
        0.142452910542488,
        0.142530634999275,
        0.142606511712074,
        0.142737790942192,
        0.142804712057114,
        0.142959430813789,
        0.14298976957798,
        0.1429702937603,
        0.142859309911728,
        0.142756775021553,
        0.142651721835136,
        0.142553463578224,
        0.142502307891846,
        0.142440289258957,
        0.142423823475838,
        0.142382115125656
    ],
    "SSIM": [
        0.643121063709259,
        0.681548833847046,
        0.699736952781677,
        0.711348831653595,
        0.719712495803833,
        0.725735425949097,
        0.730463981628418,
        0.734431982040405,
        0.737129092216492,
        0.739442050457001,
        0.741821825504303,
        0.743789374828339,
        0.745349764823914,
        0.746791422367096,
        0.747950077056885,
        0.749145984649658,
        0.749979078769684,
        0.750816643238068,
        0.751531839370728,
        0.752401292324066,
        0.752702653408051,
        0.752953350543976,
        0.753451943397522,
        0.753925621509552,
        0.754036009311676,
        0.754345953464508,
        0.754265606403351,
        0.754495143890381,
        0.754514157772064,
        0.754289865493774,
        0.754629611968994,
        0.754983723163605,
        0.754894375801086,
        0.755070924758911,
        0.755300283432007,
        0.755218684673309,
        0.755619466304779,
        0.755833327770233,
        0.755963265895844,
        0.756188452243805,
        0.756223738193512,
        0.756296098232269,
        0.756406784057617,
        0.756170213222504,
        0.756150424480438,
        0.756275355815887,
        0.756072461605072,
        0.756045997142792,
        0.755932807922363,
        0.755741119384766,
        0.755899608135223,
        0.755723297595978,
        0.755957007408142,
        0.756045043468475,
        0.756381094455719,
        0.756316065788269,
        0.75656670331955,
        0.756123960018158,
        0.756307184696198,
        0.756371736526489
    ],
    "Temporal error": [
        0.0168308708816767,
        0.0082458658143878,
        0.00548893539234996,
        0.00387174519710243,
        0.00331434747204185,
        0.00269938120618463,
        0.00233732862398028,
        0.00205026194453239,
        0.0017515328945592,
        0.00170737272128463,
        0.00167345069348812,
        0.00171321339439601,
        0.0015764090931043,
        0.00158670672681183,
        0.00152445619460195,
        0.00139232503715903,
        0.00135229469742626,
        0.00128993869293481,
        0.00129327015019953,
        0.00126329623162746,
        0.00124205788597465,
        0.0012436939869076,
        0.00121573230717331,
        0.00125978630967438,
        0.00126674841158092,
        0.00123363523744047,
        0.00127432285808027,
        0.00119747151620686,
        0.00114618556108326,
        0.00121422612573951,
        0.00119526602793485,
        0.00115479656960815,
        0.00115635001566261,
        0.00110895768739283,
        0.00111585878767073,
        0.0010870072292164,
        0.00110926607158035,
        0.00107862078584731,
        0.00106467131990939,
        0.00115209061186761,
        0.0011522228596732,
        0.00113724742550403,
        0.00114221242256463,
        0.00117715436499566,
        0.00112052320037037,
        0.00114392256364226,
        0.00119907455518842,
        0.00116283528041095,
        0.00118407292757183,
        0.00111468858085573,
        0.00113722321111709,
        0.00110652856528759,
        0.00112811522558331,
        0.00107804534491152,
        0.00113576918374747,
        0.00111701397690922,
        0.00113814685028046,
        0.00111914006993175,
        0.00113849295303226
    ],
    "VMAF": [
        25.4843101501465,
        26.8310699462891,
        28.0181999206543,
        28.5578002929688,
        30.2460308074951,
        30.8050098419189,
        29.9574794769287,
        30.6043701171875,
        31.6789302825928,
        32.6571083068848,
        31.2770900726318,
        33.3570785522461,
        32.547290802002,
        32.6740188598633,
        33.1476287841797,
        33.8940391540527,
        33.552131652832,
        33.2371406555176,
        33.7524299621582,
        33.7832183837891,
        34.2059516906738,
        34.2657508850098,
        34.0964088439941,
        34.5397911071777,
        34.3738288879395,
        35.1161003112793,
        34.6536712646484,
        35.0042610168457,
        34.9110908508301,
        34.6948318481445,
        34.8193206787109,
        34.832649230957,
        34.7263107299805,
        35.0874900817871,
        34.8517799377441,
        35.0942497253418,
        34.7004203796387,
        34.7489814758301,
        35.0865211486816,
        34.9230003356934,
        34.6977310180664,
        34.9197807312012,
        34.8471298217773,
        34.9484901428223,
        35.2685203552246,
        34.884521484375,
        35.292781829834,
        35.6005210876465,
        35.3930511474609,
        35.1978187561035,
        34.8818092346191,
        34.3993186950684,
        34.9189300537109,
        34.6201591491699,
        34.6748085021973,
        34.9637794494629,
        34.765251159668,
        34.67041015625,
        34.5617904663086,
        34.6824417114258
    ]
}
